INSERT INTO CUSTOMER_INFO (CUSTOMER_ID,NAME,PHONE_NUMBER,ADDRESS) VALUES('2020001', 'MD.JAMAL UDDIN', '01900000001','MIRPUR,DHAKA');
INSERT INTO CUSTOMER_INFO (CUSTOMER_ID,NAME,PHONE_NUMBER,ADDRESS) VALUES('2020002', 'KAMAL', '01900000002','MIRPUT-12,DHAKA');
INSERT INTO CUSTOMER_INFO (CUSTOMER_ID,NAME,PHONE_NUMBER,ADDRESS) VALUES('2020003', 'MD.KAMAL', '01900000003','GULSHAN,DHAKA');
INSERT INTO CUSTOMER_INFO (CUSTOMER_ID,NAME,PHONE_NUMBER,ADDRESS) VALUES('2020004', 'DR. SHAIFUL', '01900000004','BANANI,DHAKA');
INSERT INTO CUSTOMER_INFO (CUSTOMER_ID,NAME,PHONE_NUMBER,ADDRESS) VALUES('2020010', 'ARIFUL HASAN', '01900000005','KACHUKEHT,DHAKA');
INSERT INTO CUSTOMER_INFO (CUSTOMER_ID,NAME,PHONE_NUMBER,ADDRESS) VALUES('2020011', 'MD.JAMAL UDDIN', '01900000006','KHILKHET,DHAKA');
INSERT INTO CUSTOMER_INFO (CUSTOMER_ID,NAME,PHONE_NUMBER,ADDRESS) VALUES('2020111', 'JAHIDUL ISLAM', '01900000007','MOHAMMADPUR,DHAKA');
INSERT INTO CUSTOMER_INFO (CUSTOMER_ID,NAME,PHONE_NUMBER,ADDRESS) VALUES('2020005', 'SHOJIB', '01900000008','MIRPUR-11,DHAKA');


INSERT INTO PRODUCTS_INFO VALUES('A202001', 'MOTHERBOARD', 'H110M-K', 'AUSU','YES', 10, 8300.00);
INSERT INTO PRODUCTS_INFO VALUES('A202002', 'MOTHERBOARD', 'B450M-A II', 'AUSU','YES', 6, 8900.00);
INSERT INTO PRODUCTS_INFO VALUES('B202001', 'RAM', 'Vengeance LPX', 'Corsair','YES', 11, 2300.00);
INSERT INTO PRODUCTS_INFO VALUES('B202011', 'RAM', 'Ripjaws V', 'G.Skill','NO', 0, 2500.00);
INSERT INTO PRODUCTS_INFO VALUES('B202003', 'SSD', 'S700 Pro', 'HP','YES', 4, 2150.00);
INSERT INTO PRODUCTS_INFO VALUES('Z202000', 'GRAPHICS CARD', 'GT 710', 'Gigabyte','YES', 4, 5200.00);
INSERT INTO PRODUCTS_INFO VALUES('C202033', 'CASING', 'V9', 'Xtreme','COMING', 0, 2550.00);
INSERT INTO PRODUCTS_INFO VALUES('C202011', 'CASING', 'NX200', 'Antec','YES', 8, 3100.00);



INSERT INTO BRANCH_INFO VALUES('MIR01','MIRPUR-12', '01800000001', 'BUILDING NO-7,MIRPUR-12,DHAKA','M001','MD.SHAFIKUL HASAN',14);
INSERT INTO BRANCH_INFO VALUES('MIR02','MIRPUR-10', '01800000002', 'MIRPUR-10,DHAKA','M002','HASAN MHAMUD',16);
INSERT INTO BRANCH_INFO VALUES('BAN01','BANANI', '01800000003', 'BANANI,DHAKA','M003','ZAHID HASAN',14);
INSERT INTO BRANCH_INFO VALUES('MOH01','MOHAKHALI', '01800000004', 'MOHAKAHLI,DHAKA','M004','MD.SAKIB HASAN',15);
INSERT INTO BRANCH_INFO VALUES('UTT01','UTTARA', '01800000005', 'BUILDING NO-7,MIRPUR-12,DHAKA','M005','MHEMOOD HASAN',13);
INSERT INTO BRANCH_INFO VALUES('MOT01','MOTIJIL', '01800000006', 'BUILDING NO-9,MOTIJIL,DHAKA','M005','MHAMUD ISALM',13);


INSERT INTO EMPLOYEE_INFO VALUES('M001','MD.SHAFIKUL HASAN','MANAGER', '01900000001', 'BANANI,DHAKA','10-sep-90','MIR01', 40000);
INSERT INTO EMPLOYEE_INFO VALUES('M002','HASAN MHAMUD','MANAGER', '01900000002', 'MIRPUR,DHAKA','10-oct-99','MIR02', 40000);
INSERT INTO EMPLOYEE_INFO VALUES('M003','ZAHID HASAN','MANAGER', '01900000003', 'GULHSAN,DHAKA','22-jan-88','BAN01',40000);
INSERT INTO EMPLOYEE_INFO VALUES('S001','MD.HAKIM','SALESMAN', '01900000004', 'MIRPUR,DHAKA','07-oct-20','MIR01',20000);
INSERT INTO EMPLOYEE_INFO VALUES('S002','REJBI HASAN','SALESMAN', '01900000005', ',MIRPUR,DHAKA','10-nov-95','MIR01',20000);
INSERT INTO EMPLOYEE_INFO VALUES('S003','THAMINA AKTER','SALESMAN', '01900000006', 'MOHAKHALI,DHAKA','25-may-94','MIR01',20000);
INSERT INTO EMPLOYEE_INFO VALUES('S004','MD.SHAFIKUL','SALESMAN', '01900000007', 'KHALSHI,DHAKA','11-apr-01','BAN01',20000);
INSERT INTO EMPLOYEE_INFO VALUES('E001','MD.NAYEEM','EMPLOYEE', '01900000008', 'BANANI,DHAKA','15-nov-98','MIR01',14000);
INSERT INTO EMPLOYEE_INFO VALUES('S005','MD.SHAFIKUL ISLAM','SALESMAN', '01900000009', 'MIRPUR,DHAKA','10-sep-90','MIR02', 20000);
INSERT INTO EMPLOYEE_INFO VALUES('S006','MD.SHAFI ISLAM','SALESMAN', '01900000010', 'NIKUNJJO,DHAKA','10-APR-90','MIR02', 20000);
INSERT INTO EMPLOYEE_INFO VALUES('S007','MD.RAFI','SALESMAN', '01900000011', 'MIRPUR-2,DHAKA','10-APR-20','BAN01', 20000);
INSERT INTO EMPLOYEE_INFO(EMPLOYEE_ID,NAME,ROLE, PHONE_NUMBER, BRANCH_ID ) VALUES('M011','HASIBUL ISLAM','MANAGER', '01900000022','MOT01');



INSERT INTO PAYMENT_INFO VALUES('1010001', 01, 'S001', '2020001', 'A202001', 'MIR01', 'CASH', 8300.00,'12-jun-22');
INSERT INTO PAYMENT_INFO VALUES('1010002', 02, 'S003', '2020002', 'A202001', 'MIR01', 'CASH', 8300.00,'12-jun-22');
INSERT INTO PAYMENT_INFO VALUES('1010003', 03, 'S002', '2020005', 'B202001', 'MIR01', 'BKASH', 2300.00,'12-jun-2022');
INSERT INTO PAYMENT_INFO VALUES('1010004', 01, 'S001', '2020003', 'C202033', 'MIR01', 'NAGAD', 2550.00,'12-jun-2022');
INSERT INTO PAYMENT_INFO VALUES('1010005', 01, 'S001', '2020004', 'C202011', 'MIR01', 'CASH', 3100.00,'12-jun-2022');
INSERT INTO PAYMENT_INFO VALUES('1010006', 02, 'S003', '2020111', 'C202033', 'MIR01', 'CREDIT', 2550.00,'12-jun-2022');
INSERT INTO PAYMENT_INFO VALUES('1010007', 03, 'S002', '2020011', 'Z202000', 'MIR01', 'CASH', 5200.00,'13-jun-2022');
INSERT INTO PAYMENT_INFO VALUES('1010008', 03, 'S002', '2020010', 'A202001', 'MIR01', 'CASH', 8300.00,'13-jun-2022');
INSERT INTO PAYMENT_INFO VALUES('1010009', 01, 'S001', '2020001', 'A202002', 'MIR01', 'CASH', 8300.00,'12-jun-2022');
INSERT INTO PAYMENT_INFO VALUES('1010010', 02, 'S003', '2020005', 'A202002', 'MIR01', 'BKASH', 8900.00,'12-jun-2022');
INSERT INTO PAYMENT_INFO VALUES('1010011', 03, 'S002', '2020111', 'B202003', 'MIR01', 'CREDIT', 2100.00,'13-jun-2022');

